{"_runtime":9877.93261213,"_wandb":{"runtime":9877},"_step":49999,"training/loss":0.2461046725511551,"training/mse":0.020108018070459366,"_timestamp":1.7456365628871815e+09}