{"_wandb":{"runtime":10584},"training/mse":0.13957804441452026,"_timestamp":1.7455598027610664e+09,"_runtime":10584.042470374,"_step":49999,"training/loss":0.33360230922698975}