{"_timestamp":1.7457188689778564e+09,"_wandb":{"runtime":9973},"_runtime":9973.79384044,"_step":49999,"training/loss":0.2615802586078644,"training/mse":0.12907518446445465}