{"_wandb":{"runtime":9959},"_runtime":9959.748371529,"_step":49999,"training/loss":0.31408068537712097,"training/mse":0.12394300103187561,"_timestamp":1.7458487849037347e+09}