{"_wandb":{"runtime":9950},"training/mse":0.04356340691447258,"_timestamp":1.7453385846631336e+09,"_runtime":9950.625386983,"_step":49999,"training/loss":0.1980312019586563}