{"training/loss":0.2752586007118225,"training/mse":0.08471670001745224,"_timestamp":1.745616835420379e+09,"_runtime":10764.069995313,"_step":49999,"_wandb":{"runtime":10764}}