{"_timestamp":1.7468095719615345e+09,"_runtime":10495.117250293,"_step":49999,"training/loss":0.19646307826042175,"_wandb":{"runtime":10495},"training/mse":0.018557636067271233}