{"_timestamp":1.7457996279717731e+09,"_runtime":9795.848516142,"_step":49999,"_wandb":{"runtime":9795},"training/loss":0.3575240671634674,"training/mse":0.4822099506855011}