{"_timestamp":1.74532673567546e+09,"_runtime":2040.362825171,"_step":9999,"training/loss":0.9253793954849243,"training/mse":1.522296667098999,"_wandb":{"runtime":2040}}