{"_step":49999,"training/loss":0.3036746680736542,"training/mse":0.09709417819976807,"_timestamp":1.745533372528033e+09,"_wandb":{"runtime":10562},"_runtime":10562.802304524}