{"_step":49999,"_wandb":{"runtime":10271},"training/loss":0.3055095076560974,"training/mse":0.09651926159858704,"_timestamp":1.7467383497718556e+09,"_runtime":10271.669415945}