{"training/mse":0.23809143900871277,"_timestamp":1.7459754092450643e+09,"_wandb":{"runtime":9775},"_runtime":9775.801943832,"_step":49999,"training/loss":0.2612749934196472}