{"training/loss":0.21631848812103271,"training/mse":0.01765397936105728,"_timestamp":1.7471471728193386e+09,"_runtime":10022.164742009,"_step":49999,"_wandb":{"runtime":10022}}