{"_timestamp":1.7472860338188488e+09,"_runtime":9903.904035368,"_step":49999,"training/loss":0.271969735622406,"_wandb":{"runtime":9903},"training/mse":0.0263675469905138}