{"training/loss":0.22504478693008423,"training/mse":0.02642364427447319,"_timestamp":1.7457290899305809e+09,"_runtime":9796.549200811,"_wandb":{"runtime":9796},"_step":49999}