{"_timestamp":1.7469230865752907e+09,"_wandb":{"runtime":10258},"_runtime":10258.556651392,"_step":49999,"training/loss":0.21100124716758728,"training/mse":0.015955444425344467}