{"_step":49999,"_wandb":{"runtime":10328},"training/loss":0.18539245426654816,"training/mse":0.011401677504181862,"_timestamp":1.7466493617351854e+09,"_runtime":10328.168895505}