{"_runtime":9898.596960859,"_step":49999,"_wandb":{"runtime":9898},"training/loss":0.24207273125648499,"training/mse":0.023976294323801994,"_timestamp":1.7471864437291021e+09}