{"training/loss":0.202965646982193,"training/mse":0.015507228672504425,"_timestamp":1.7459402498238444e+09,"_runtime":9956.717699468,"_step":49999,"_wandb":{"runtime":9956}}