{"_runtime":10236.605327654,"_step":49999,"_wandb":{"runtime":10236},"training/loss":0.35701847076416016,"training/mse":0.19369657337665558,"_timestamp":1.7454627234486685e+09}