{"_timestamp":1.7470211196491659e+09,"_runtime":9997.885160931,"_step":49999,"training/loss":0.3379073143005371,"_wandb":{"runtime":9997},"training/mse":0.2077658474445343}