{"_runtime":9905.773901521,"_step":49999,"_wandb":{"runtime":9905},"training/loss":0.26008340716362,"training/mse":0.03175724670290947,"_timestamp":1.7472320609620247e+09}