{"_timestamp":1.746978343296871e+09,"_runtime":10199.592527742,"_step":49999,"_wandb":{"runtime":10199},"training/loss":0.2527393102645874,"training/mse":0.056359753012657166}