{"_runtime":10051.654083503,"_step":49999,"training/loss":0.29644691944122314,"training/mse":0.09051600098609924,"_timestamp":1.7455477156471157e+09,"_wandb":{"runtime":10051}}